<?xml version="1.0" encoding="UTF-8"?>
<root>
  <item name="android.adservices.adselection.AdSelectionManager void reportImpression(android.adservices.adselection.ReportImpressionRequest, java.util.concurrent.Executor, android.os.OutcomeReceiver&lt;java.lang.Object,java.lang.Exception&gt;)">
    <annotation name="androidx.annotation.RequiresPermission">
      <val name="value" val="&quot;android.permission.ACCESS_ADSERVICES_CUSTOM_AUDIENCE&quot;" />
    </annotation>
  </item>
  <item name="android.adservices.adselection.AdSelectionManager void reportInteraction(android.adservices.adselection.ReportInteractionRequest, java.util.concurrent.Executor, android.os.OutcomeReceiver&lt;java.lang.Object,java.lang.Exception&gt;)">
    <annotation name="androidx.annotation.RequiresPermission">
      <val name="value" val="&quot;android.permission.ACCESS_ADSERVICES_CUSTOM_AUDIENCE&quot;" />
    </annotation>
  </item>
  <item name="android.adservices.adselection.AdSelectionManager void selectAds(android.adservices.adselection.AdSelectionConfig, java.util.concurrent.Executor, android.os.OutcomeReceiver&lt;android.adservices.adselection.AdSelectionOutcome,java.lang.Exception&gt;)">
    <annotation name="androidx.annotation.RequiresPermission">
      <val name="value" val="&quot;android.permission.ACCESS_ADSERVICES_CUSTOM_AUDIENCE&quot;" />
    </annotation>
  </item>
  <item name="android.adservices.adselection.AdSelectionManager void selectAds(android.adservices.adselection.AdSelectionFromOutcomesConfig, java.util.concurrent.Executor, android.os.OutcomeReceiver&lt;android.adservices.adselection.AdSelectionOutcome,java.lang.Exception&gt;)">
    <annotation name="androidx.annotation.RequiresPermission">
      <val name="value" val="&quot;android.permission.ACCESS_ADSERVICES_CUSTOM_AUDIENCE&quot;" />
    </annotation>
  </item>
  <item name="android.adservices.adselection.AdSelectionManager void setAppInstallAdvertisers(android.adservices.adselection.SetAppInstallAdvertisersRequest, java.util.concurrent.Executor, android.os.OutcomeReceiver&lt;java.lang.Object,java.lang.Exception&gt;)">
    <annotation name="androidx.annotation.RequiresPermission">
      <val name="value" val="&quot;android.permission.ACCESS_ADSERVICES_CUSTOM_AUDIENCE&quot;" />
    </annotation>
  </item>
  <item name="android.adservices.adselection.AdSelectionManager void updateAdCounterHistogram(android.adservices.adselection.UpdateAdCounterHistogramRequest, java.util.concurrent.Executor, android.os.OutcomeReceiver&lt;java.lang.Object,java.lang.Exception&gt;)">
    <annotation name="androidx.annotation.RequiresPermission">
      <val name="value" val="&quot;android.permission.ACCESS_ADSERVICES_CUSTOM_AUDIENCE&quot;" />
    </annotation>
  </item>
  <item name="android.adservices.adselection.ReportInteractionRequest ReportInteractionRequest(long, java.lang.String, java.lang.String, int) 3">
    <annotation name="androidx.annotation.IntDef">
      <val name="value" val="{android.adservices.adselection.ReportInteractionRequest.FLAG_REPORTING_DESTINATION_SELLER, android.adservices.adselection.ReportInteractionRequest.FLAG_REPORTING_DESTINATION_BUYER}" />
      <val name="flag" val="true" />
    </annotation>
  </item>
  <item name="android.adservices.adselection.ReportInteractionRequest int getReportingDestinations()">
    <annotation name="androidx.annotation.IntDef">
      <val name="value" val="{android.adservices.adselection.ReportInteractionRequest.FLAG_REPORTING_DESTINATION_SELLER, android.adservices.adselection.ReportInteractionRequest.FLAG_REPORTING_DESTINATION_BUYER}" />
      <val name="flag" val="true" />
    </annotation>
  </item>
  <item name="android.adservices.adselection.TestAdSelectionManager void overrideAdSelectionConfigRemoteInfo(android.adservices.adselection.AddAdSelectionOverrideRequest, java.util.concurrent.Executor, android.os.OutcomeReceiver&lt;java.lang.Object,java.lang.Exception&gt;)">
    <annotation name="androidx.annotation.RequiresPermission">
      <val name="value" val="&quot;android.permission.ACCESS_ADSERVICES_CUSTOM_AUDIENCE&quot;" />
    </annotation>
  </item>
  <item name="android.adservices.adselection.TestAdSelectionManager void overrideAdSelectionFromOutcomesConfigRemoteInfo(android.adservices.adselection.AddAdSelectionFromOutcomesOverrideRequest, java.util.concurrent.Executor, android.os.OutcomeReceiver&lt;java.lang.Object,java.lang.Exception&gt;)">
    <annotation name="androidx.annotation.RequiresPermission">
      <val name="value" val="&quot;android.permission.ACCESS_ADSERVICES_CUSTOM_AUDIENCE&quot;" />
    </annotation>
  </item>
  <item name="android.adservices.adselection.TestAdSelectionManager void removeAdSelectionConfigRemoteInfoOverride(android.adservices.adselection.RemoveAdSelectionOverrideRequest, java.util.concurrent.Executor, android.os.OutcomeReceiver&lt;java.lang.Object,java.lang.Exception&gt;)">
    <annotation name="androidx.annotation.RequiresPermission">
      <val name="value" val="&quot;android.permission.ACCESS_ADSERVICES_CUSTOM_AUDIENCE&quot;" />
    </annotation>
  </item>
  <item name="android.adservices.adselection.TestAdSelectionManager void removeAdSelectionFromOutcomesConfigRemoteInfoOverride(android.adservices.adselection.RemoveAdSelectionFromOutcomesOverrideRequest, java.util.concurrent.Executor, android.os.OutcomeReceiver&lt;java.lang.Object,java.lang.Exception&gt;)">
    <annotation name="androidx.annotation.RequiresPermission">
      <val name="value" val="&quot;android.permission.ACCESS_ADSERVICES_CUSTOM_AUDIENCE&quot;" />
    </annotation>
  </item>
  <item name="android.adservices.adselection.TestAdSelectionManager void resetAllAdSelectionConfigRemoteOverrides(java.util.concurrent.Executor, android.os.OutcomeReceiver&lt;java.lang.Object,java.lang.Exception&gt;)">
    <annotation name="androidx.annotation.RequiresPermission">
      <val name="value" val="&quot;android.permission.ACCESS_ADSERVICES_CUSTOM_AUDIENCE&quot;" />
    </annotation>
  </item>
  <item name="android.adservices.adselection.TestAdSelectionManager void resetAllAdSelectionFromOutcomesConfigRemoteOverrides(java.util.concurrent.Executor, android.os.OutcomeReceiver&lt;java.lang.Object,java.lang.Exception&gt;)">
    <annotation name="androidx.annotation.RequiresPermission">
      <val name="value" val="&quot;android.permission.ACCESS_ADSERVICES_CUSTOM_AUDIENCE&quot;" />
    </annotation>
  </item>
  <item name="android.adservices.adselection.UpdateAdCounterHistogramRequest int getAdEventType()">
    <annotation name="androidx.annotation.IntDef">
      <val name="value" val="{android.adservices.common.FrequencyCapFilters.AD_EVENT_TYPE_WIN, android.adservices.common.FrequencyCapFilters.AD_EVENT_TYPE_IMPRESSION, android.adservices.common.FrequencyCapFilters.AD_EVENT_TYPE_VIEW, android.adservices.common.FrequencyCapFilters.AD_EVENT_TYPE_CLICK}" />
    </annotation>
  </item>
  <item name="android.adservices.adselection.UpdateAdCounterHistogramRequest.Builder android.adservices.adselection.UpdateAdCounterHistogramRequest.Builder setAdEventType(int) 0">
    <annotation name="androidx.annotation.IntDef">
      <val name="value" val="{android.adservices.common.FrequencyCapFilters.AD_EVENT_TYPE_WIN, android.adservices.common.FrequencyCapFilters.AD_EVENT_TYPE_IMPRESSION, android.adservices.common.FrequencyCapFilters.AD_EVENT_TYPE_VIEW, android.adservices.common.FrequencyCapFilters.AD_EVENT_TYPE_CLICK}" />
    </annotation>
  </item>
</root>

